data_hora,preco_evento,evento_id,spread_media,spread_fim,delta_media,delta_fim,saldo_media,saldo_fim,razao_fluxo_media,razao_fluxo_fim,velocidade_media,velocidade_fim,aceleracao_media,aceleracao_fim,ticks_s_media,ticks_s_fim,estrutura_media,estrutura_fim,score_media,score_fim,spread_inicio,spread_variacao,delta_inicio,delta_variacao,saldo_inicio,saldo_variacao,razao_fluxo_inicio,razao_fluxo_variacao,velocidade_inicio,velocidade_variacao,aceleracao_inicio,aceleracao_variacao,ticks_s_inicio,ticks_s_variacao,estrutura_inicio,estrutura_variacao,score_inicio,score_variacao,linhas_contexto,campanha_fim,campanha_inicio,status,lado
2026-07-19 19:18:47,28761.5,0,2.125,2.25,-23.5,-33.0,-24.5,-34.0,1.6564856711915537,1.871794871794872,-0.10826708102779355,-0.3988975921090804,-1.586334971604967,-1.5120022895671068,38.46660965156882,32.27444154337105,,,72.5,97.0,2.75,-0.5,41.0,-74.0,42.0,-76.0,0.4166666666666667,1.4551282051282053,0.7750472589792061,-1.1739448510882866,1.062602840331071,-2.5746051298981776,40.75614366729679,-8.481702123925743,,,100.0,-3.0,2.0,COMPRA,,LOSS,VENDA
2026-07-19 19:29:08,28765.0,1,2.35,2.0,1.2,-33.0,1.2,-33.0,1.2001460742544126,2.65,-0.11207514212825749,-0.835977021349567,0.31085938295172727,-0.4911722011565849,32.25055430035117,36.26854154162737,,,55.6,100.0,2.0,0.0,53.0,-86.0,54.0,-87.0,0.3493975903614458,2.3006024096385542,0.2873951852853665,-1.1233722066349334,1.3268759967264077,-1.8180481978829925,30.97105761428185,5.297483927345521,,,97.0,3.0,5.0,,VENDA,LOSS,VENDA
2026-07-19 19:36:15,28815.75,2,2.5,0.75,-19.0,-35.0,-13.25,-36.0,1.79375,2.333333333333333,-0.4323287994523424,-0.7674597083653109,-0.8827313385342055,-1.9444636358478944,40.208776714391846,54.7966231772832,,,67.5,100.0,3.0,-2.25,80.0,-115.0,79.0,-115.0,0.5885416666666666,1.7447916666666665,0.790394188080183,-1.557853896445494,-0.4973508615662734,-1.447112774281621,90.20583882685322,-35.40921564957002,,,79.0,21.0,4.0,,,LOSS,VENDA
2026-07-19 19:46:14,28840.75,3,2.125,2.0,-14.333333333333334,31.0,-14.5,30.0,1.8319989899273788,0.5384615384615384,-0.04512057705563244,0.8131734092295182,0.3860447501250102,2.296504210257719,29.91479945911323,31.91705631225859,,,67.0,97.0,2.5,-0.5,-12.0,43.0,-11.0,41.0,1.55,-1.0115384615384615,-0.1014404544532359,0.9146138636827541,-0.1014404544532359,2.3979446647109546,15.418949076891863,16.498107235366728,,,32.0,65.0,6.0,,,LOSS,COMPRA
2026-07-19 20:26:54,28802.0,4,2.4583333333333335,2.75,-9.5,-22.0,-9.833333333333334,-21.0,2.329272254710851,2.1666666666666665,-0.4249166745904809,-0.593663070764638,-0.33218077852713335,-3.2760893414921965,28.99946589594475,31.00617409593595,,,49.333333333333336,85.0,3.0,-0.25,7.0,-29.0,8.0,-29.0,0.7894736842105263,1.3771929824561402,-0.1342371971273239,-0.4594258736373141,-0.7777281051159912,-2.4983612363762053,32.61963890193972,-1.6134648060037726,,,33.0,52.0,6.0,,,LOSS,VENDA
2026-07-19 20:37:44,28812.75,5,2.7083333333333335,2.75,-13.166666666666666,-24.0,-13.833333333333334,-25.0,2.0492424242424243,3.272727272727273,-0.3082470740233964,-0.4534356470177886,0.030691379323984982,-0.2047559847818661,32.84222578727218,23.64841297523544,,,64.5,100.0,2.75,0.0,-3.0,-21.0,-5.0,-20.0,1.2777777777777777,1.9949494949494953,-0.4230118443316413,-0.030423802686147305,-1.56147836232582,1.3567223775439539,19.41401727669428,4.23439569854116,,,77.0,23.0,6.0,,,LOSS,VENDA
2026-07-19 20:43:15,28855.5,6,1.875,2.0,38.5,52.0,37.5,51.0,0.4402872260015117,0.3703703703703703,0.321928028596195,0.4674145299145299,0.08561444340721855,0.290853282151193,38.76403388763118,46.47435897435898,,,95.5,100.0,2.75,-0.75,-24.0,76.0,-25.0,76.0,3.272727272727273,-2.9023569023569027,-0.4534356470177886,0.9208501769323185,-0.2047559847818661,0.49560926693305907,23.64841297523544,22.825945999123537,,,100.0,0.0,2.0,,,LOSS,COMPRA
2026-07-19 21:40:12,28895.75,7,1.65,1.5,-17.2,-23.0,-16.0,-23.0,1.4398828462291413,1.4893617021276595,-0.35875778715950835,-0.3037667071688943,0.324112381380042,-0.9462293933452092,82.83880249446196,79.19376742191409,,,59.0,100.0,1.5,0.0,-7.0,-16.0,-6.0,-17.0,1.25,0.2393617021276595,0.3084515731030228,-0.6122182802719172,9.848671918696672,-10.794901312041882,39.92244646161981,39.271320960294275,,,49.0,51.0,5.0,,,LOSS,VENDA
2026-07-19 22:20:01,28832.0,8,1.5,1.0,-12.6,-114.0,-21.2,-97.0,1.8696698275771222,3.365853658536585,-0.07047820321473905,-0.6200147462966686,-0.9308097772184046,-2.006473203996031,92.44157637081948,99.202359407467,,,72.2,100.0,2.25,-1.25,-55.0,-59.0,-30.0,-67.0,1.4477611940298507,1.918092464506734,0.0510065288356909,-0.6710212751323595,0.5800105744334638,-2.5864837784294945,78.48204570184983,20.720313705617173,,,56.0,44.0,5.0,,,LOSS,VENDA
2026-07-19 22:48:58,28808.5,9,1.85,1.75,9.0,35.0,5.2,28.0,0.9488095238095239,0.3,0.2042268191267568,0.788845301040423,0.08533752401157628,0.1033944722479395,102.86280407642148,77.94644380010234,,,56.4,100.0,2.0,-0.25,1.0,34.0,1.0,27.0,0.9411764705882352,-0.6411764705882352,-0.0180988923477883,0.8069441933882113,-1.711132925635418,1.8145273978833574,109.89647433577063,-31.95003053566829,,,34.0,66.0,5.0,,,LOSS,COMPRA
2026-07-20 00:23:33,28865.0,10,2.15,2.25,-18.6,-38.0,-18.0,-37.0,2.2003968253968256,2.321428571428572,-0.48222610293353163,-2.0683733999375584,-0.32697896983844954,-0.847147492219366,62.2043146055405,88.51077115204497,,,64.4,100.0,1.5,0.75,-4.0,-34.0,-4.0,-33.0,1.4,0.9214285714285722,-0.1017335395133067,-1.9666398604242517,0.2220737904725179,-1.0692212826918839,55.749979653292094,32.76079149875287,,,28.0,72.0,5.0,,,LOSS,VENDA
2026-07-20 01:17:35,28854.75,11,1.8,1.5,-10.0,-26.0,-10.6,-27.0,1.603076923076923,2.9285714285714284,-0.17095871250558858,-0.2362789441706609,-0.30077022614058313,-0.4453606148521403,56.35254455339896,51.57631809896712,,,61.6,100.0,1.5,0.0,-14.0,-12.0,-15.0,-12.0,1.7142857142857142,1.2142857142857142,-0.2044655271121289,-0.031813417058531995,-0.7470743844117377,0.3017137695595974,63.54788582644966,-11.971567727482537,,,79.0,21.0,5.0,,,LOSS,VENDA
2026-07-20 01:34:03,28911.5,12,1.4,1.25,-8.4,-54.0,-7.6,-53.0,1.1370988713787902,1.8833333333333333,-0.06645073102115884,-1.2919896640826871,-0.11996010790404914,-1.518427680299098,74.10399576285087,82.68733850129199,,,69.0,100.0,1.25,0.0,13.0,-67.0,12.0,-65.0,0.6923076923076923,1.191025641025641,0.4911591355599214,-1.7831487996426085,1.3280404813938165,-2.8464681616929144,59.92141453831041,22.76592396298158,,,91.0,9.0,5.0,,,LOSS,VENDA
2026-07-20 02:06:36,28868.5,13,1.4,1.5,-4.0,36.0,-3.8,37.0,1.606161858974359,0.7109375,-0.11368789649639446,0.567517369471005,-1.1996979173648998,0.1485875031874087,47.831851220808225,48.015408956455936,,,66.8,98.0,1.75,-0.25,-27.0,63.0,-26.0,63.0,1.9285714285714288,-1.2176339285714288,-0.5846585594013096,1.1521759288723146,-4.170647672412644,4.319235175600053,84.72537752238408,-36.70996856592814,,,100.0,-2.0,5.0,,,LOSS,COMPRA
2026-07-20 02:55:16,28789.0,14,1.5,1.25,-36.6,-75.0,-37.6,-76.0,2.351623931623932,2.948717948717949,-0.2827627700091749,-0.3012451466059713,-0.07566446539937725,-1.2019679820536353,50.707287472651316,48.93560048199223,,,71.4,100.0,1.75,-0.5,-9.0,-66.0,-10.0,-66.0,2.6666666666666665,0.2820512820512824,-0.4226185445017327,0.1213733978957614,-0.5660947926932316,-0.6358731893604037,34.316625813540696,14.618974668451536,,,94.0,6.0,5.0,,,LOSS,VENDA
2026-07-20 03:15:28,28779.75,15,1.7,1.75,-7.0,-23.0,-8.0,-24.0,1.4456654456654454,2.142857142857143,-0.08804562451877149,-0.1693766937669376,-0.4040484346772719,-0.4520795660036166,49.74986954805476,44.91869918699187,,,60.6,100.0,1.5,0.25,14.0,-37.0,13.0,-37.0,0.35,1.7928571428571427,0.0202085522593161,-0.1895852460262537,-0.0326730988989624,-0.4194064671046542,62.16150674965645,-17.24280756266458,,,25.0,75.0,5.0,,,LOSS,VENDA
2026-07-20 03:39:29,28771.0,16,1.55,1.25,0.8,-20.0,1.0,-21.0,1.375,3.625,-0.12116015604686459,-0.5622837370242214,-0.21307895329128795,-1.0588368111358712,40.10536987252836,61.332179930795846,,,58.8,87.0,1.75,-0.5,13.0,-33.0,14.0,-35.0,0.3333333333333333,3.2916666666666665,0.4077669902912621,-0.9700507273154835,-0.0583955302346497,-1.0004412809012215,40.07766990291263,21.254510027883214,,,58.0,29.0,5.0,,,LOSS,VENDA
2026-07-20 04:04:26,28833.5,17,1.75,1.5,10.4,25.0,11.0,26.0,0.5712390797608189,0.6231884057971014,0.20786270402050677,0.9836182845697118,0.032092373749911404,0.2721307769929763,79.21567210471297,70.53437298805352,,,49.6,93.0,1.75,-0.25,-15.0,40.0,-16.0,42.0,2.066666666666667,-1.4434782608695653,-0.1011940902651285,1.0848123748348404,-1.3525526679339186,1.624683444926895,96.26931120555892,-25.734938217505402,,,67.0,26.0,5.0,,,LOSS,COMPRA
2026-07-20 04:31:13,28886.75,18,2.0,2.0,6.8,-35.0,6.8,-36.0,1.1990805970149254,2.5,0.16413385968721206,-0.6218487394957983,0.08315977958069475,-0.2679166623159724,98.50673050352887,68.77310924369748,,,75.0,92.0,2.0,0.0,-9.0,-26.0,-8.0,-28.0,1.1538461538461535,1.3461538461538465,-0.3350083752093802,-0.2868403642864181,0.1017997351224637,-0.3697163974384361,79.59798994974874,-10.82488070605126,,,63.0,29.0,5.0,,,LOSS,VENDA
2026-07-20 04:45:57,28913.5,19,1.9,2.0,25.4,36.0,26.0,35.0,0.37415536704336383,0.3396226415094339,0.15641041186073873,0.9355883411299027,0.5641455624708642,0.7224369098182997,65.9072949959889,82.54767902123066,,,73.2,100.0,1.75,0.25,8.0,28.0,9.0,26.0,0.4375,-0.09787735849056611,0.2674035118994562,0.6681848292304465,0.4743270441649475,0.2481098656533522,65.60299491933328,16.94468410189738,,,67.0,33.0,5.0,,,LOSS,COMPRA
2026-07-20 06:24:42,28905.25,20,1.4,1.5,-7.0,-34.0,-6.8,-35.0,1.4697458038849014,2.9444444444444446,-0.02865912039743366,-0.7730732635585158,-0.6472830991428026,-0.7730732635585158,107.83127656671017,115.3663177925785,,,64.8,94.0,1.25,0.25,9.0,-43.0,10.0,-45.0,0.7297297297297297,2.214714714714715,0.4418997848140178,-1.2149730483725336,-1.220091084252934,0.4470178206944182,31.81678450660928,83.54953328596922,,,67.0,27.0,5.0,,,LOSS,VENDA
2026-07-20 06:46:10,28945.75,21,0.95,1.25,30.0,-31.0,29.8,-32.0,0.8479228784783714,1.864864864864865,0.12845307322013189,-0.4878930249367545,-0.07828721802654774,-0.630754314838794,49.02063196619939,54.13805565594507,,,80.8,94.0,1.5,-0.25,2.0,-33.0,3.0,-35.0,0.875,0.9898648648648649,-0.2028322761469243,-0.28506074878983023,0.578119363599465,-1.208873678438259,31.05177754831096,23.086278107634108,,,39.0,55.0,5.0,,,LOSS,VENDA
2026-07-20 06:53:12,28998.0,22,1.25,1.5,248.0,208.0,248.0,209.0,0.4182474470818962,0.4381720430107527,0.6070051413881747,0.25,-0.20256504713910284,0.9762063918105468,78.29953096107879,60.333333333333336,,,87.5,100.0,1.25,0.25,-31.0,239.0,-32.0,241.0,1.864864864864865,-1.4266928218541122,-0.4878930249367545,0.7378930249367546,-0.630754314838794,1.6069607066493408,54.13805565594507,6.195277677388269,,,94.0,6.0,2.0,,,LOSS,COMPRA
2026-07-20 08:02:14,28972.0,23,1.5,1.5,-7.333333333333333,-22.0,-7.0,-23.0,1.3410139629651825,2.0454545454545454,-0.320293020482312,-0.3756708407871199,-0.16188571020129752,-0.2748025203654369,66.28359704714491,70.19677996422183,,,59.333333333333336,92.0,1.25,0.25,32.0,-54.0,33.0,-56.0,0.2978723404255319,1.7475822050290135,0.5000333355557037,-0.8757041763428236,1.390061016680534,-1.664863537045971,43.66957797186479,26.527201992357043,,,100.0,-8.0,3.0,,,LOSS,VENDA
2026-07-20 08:54:54,29084.25,24,1.25,1.25,-8.0,21.0,-8.4,22.0,1.6066012176120954,0.4883720930232558,0.1997943694542456,0.2217673149095871,0.28861900176961214,0.1239446590363792,34.85893603399808,29.887410440122828,,,75.6,100.0,1.5,-0.25,-29.0,50.0,-28.0,50.0,2.0,-1.5116279069767442,-0.0404661702816445,0.2622334851912316,0.3854703049276384,-0.2615256458912592,54.22466817740369,-24.337257737280865,,,62.0,38.0,5.0,,,LOSS,COMPRA
2026-07-20 10:11:38,29057.0,25,1.0,1.25,2.2,25.0,2.4,26.0,1.0635518477661337,0.6533333333333333,0.09834872119979407,0.6013630896699185,0.5850057803224405,1.926992736911599,75.15132925973941,98.1558198583456,,,57.6,100.0,1.0,0.25,5.0,20.0,4.0,22.0,0.8947368421052632,-0.24140350877192984,-0.0199441563621858,0.6213072460321043,-0.377384960718294,2.304377697629893,82.72836059034702,15.427459267998572,,,35.0,65.0,5.0,,,LOSS,COMPRA
2026-07-20 11:15:57,28997.25,26,0.85,0.75,37.6,116.0,37.2,115.0,0.9415879747019714,0.7553191489361702,0.40646706506585206,0.5535055350553506,0.9457988066194318,1.9336494718174109,379.4010228033191,362.8983562562898,,,69.8,94.0,1.0,-0.25,-140.0,256.0,-139.0,254.0,1.3818681318681318,-0.6265489829319616,-0.3336224728097685,0.8871280078651191,-2.2453011312735605,4.178950603090971,339.7611263094682,23.137229946821606,,,83.0,11.0,5.0,,,LOSS,COMPRA
2026-07-20 11:40:28,29006.75,27,0.9,1.0,16.0,26.0,16.2,25.0,0.9514489494035618,0.9015748031496064,0.2418153305540987,1.0692328254477412,0.25288846433346934,0.7073020896683216,325.9278806162721,356.25501202886926,,,74.2,100.0,0.75,0.25,108.0,-82.0,109.0,-84.0,0.6241379310344828,0.2774368721151236,0.8040739748056821,0.26515885064205913,0.7094899396875617,-0.002187850019240045,375.4355400696864,-19.180528040817137,,,83.0,17.0,5.0,,,LOSS,COMPRA
2026-07-20 11:45:18,28933.25,28,0.8,0.25,-33.8,-168.0,-34.0,-169.0,1.0870851338540546,1.4311224489795915,-0.46489796278036727,-2.7092420937840784,-0.003758784552723338,-1.892129295396428,349.1234575539056,364.2993456924754,,,64.6,100.0,1.0,-0.75,-175.0,7.0,-176.0,7.0,1.5789473684210529,-0.14782491944146137,-0.1341651573086469,-2.5750769364754316,-1.5774434455858266,-0.3146858498106013,308.78110954585094,55.518236146624474,,,97.0,3.0,5.0,,,LOSS,VENDA
2026-07-20 11:52:34,28940.25,29,1.15,1.0,40.8,103.0,41.2,102.0,0.871642358818731,0.631768953068592,0.2213059043818975,0.9659707158351408,1.001450554151122,0.5025108046923236,293.6324015448607,309.9918655097614,,,67.6,100.0,0.75,0.25,43.0,60.0,44.0,58.0,0.8326996197718631,-0.2009306667032711,0.2843760455001672,0.6815946703349736,0.2000677677939522,0.3024430368983714,291.5356306457009,18.45623486406049,,,87.0,13.0,5.0,,VENDA,LOSS,COMPRA
2026-07-20 12:09:58,28981.5,30,0.95,0.75,83.4,104.0,83.4,105.0,0.8574290586150605,0.7229551451187335,0.43547741941552304,1.307934804480515,1.0309191654976617,0.0943953044936052,238.54546799598975,203.09879938292303,,,88.2,100.0,0.75,0.0,35.0,69.0,36.0,69.0,0.8468085106382979,-0.12385336551956438,0.2208030436850329,1.087131760795482,-0.7920679478766662,0.8864632523702715,226.0343773354168,-22.93557795249376,,,75.0,25.0,5.0,,,LOSS,COMPRA
2026-07-20 12:12:39,28962.75,31,1.0,1.0,-20.0,49.0,-20.0,48.0,1.089562775799965,0.8095238095238095,0.2720105619149031,0.5754908598510494,0.21861820018010447,0.0340504961955756,267.9222480829481,235.61272850372376,,,69.0,98.0,1.0,0.0,-140.0,189.0,-139.0,187.0,1.4263803680981595,-0.61685655857435,0.6012425679738126,-0.025751708122763173,-0.9871933859922948,1.0212438821878704,254.5928251720222,-18.980096668298444,,,74.0,24.0,5.0,,,LOSS,COMPRA
2026-07-20 12:46:49,29021.75,32,0.9,0.75,10.2,29.0,9.8,30.0,0.9358419266971815,0.7857142857142857,0.042743883456669275,0.3934852528570451,0.41472160092391847,0.8774774050924175,212.1716525281764,187.0936837062889,,,70.4,100.0,1.0,-0.25,-9.0,38.0,-9.0,39.0,1.049723756906077,-0.2640094711917914,0.4666977798519901,-0.07321252699494502,-0.2481515168311738,1.1256289219235913,227.48183212214147,-40.388148415852555,,,54.0,46.0,5.0,,,LOSS,COMPRA
2026-07-20 12:49:26,28978.0,33,0.8,0.75,-10.4,-47.0,-10.0,-48.0,1.0790590761027292,1.3503649635036497,-0.35798984063801775,-0.5175292153589316,-0.8338488739288404,-1.8771021164224664,238.99558416061137,275.65943238731217,,,74.2,100.0,1.0,-0.25,-4.0,-43.0,-5.0,-43.0,1.0205761316872428,0.32978883181640684,-0.2168112074716477,-0.30071800788728387,2.076263050513424,-3.9533651669358907,272.2481654436291,3.4112669436830743,,,47.0,53.0,5.0,,,LOSS,VENDA
2026-07-20 13:48:48,29042.0,34,0.8,0.75,12.2,30.0,11.6,29.0,0.9206191395589043,0.7986111111111112,0.05853725893092211,0.3169836503169836,0.013678322153104583,0.650134889265324,152.36662395898674,148.14814814814815,,,62.0,100.0,1.0,-0.25,82.0,-52.0,83.0,-54.0,0.7003610108303249,0.09825010028078629,0.0,0.3169836503169836,0.1764336449879848,0.47370124427733923,176.32072941807454,-28.172581269926383,,,72.0,28.0,5.0,COMPRA,COMPRA,LOSS,COMPRA
2026-07-20 13:53:58,29006.5,35,0.65,0.75,-77.8,36.0,-78.4,35.0,1.2635891627363414,0.78125,-0.047652354273719874,0.5262085822922324,-0.3030067586862627,0.6437433049091827,162.6148777198436,160.9858772406301,,,80.6,98.0,1.0,-0.25,-392.0,428.0,-393.0,428.0,2.4086021505376345,-1.6273521505376345,-0.3333555570371358,0.8595641393293683,0.7338748984565394,-0.09013159354735667,171.54476965131008,-10.558892410679988,,,72.0,26.0,5.0,,,LOSS,COMPRA
2026-07-20 14:09:38,28961.0,36,0.7,0.25,22.8,90.0,21.6,89.0,0.8971608861290509,0.5841121495327103,0.20427741661798732,0.4625822368421052,0.039992754754843575,0.3506864433246393,166.11573025786345,153.50877192982455,,,66.6,100.0,0.5,-0.25,-24.0,114.0,-25.0,114.0,1.1524390243902438,-0.5683268748575335,-0.4169724464607378,0.8795546833028429,-0.4651101269367824,0.8157965702614216,190.40629795183133,-36.89752602200679,,,91.0,9.0,5.0,,,LOSS,COMPRA
2026-07-20 14:24:08,28971.25,37,0.75,1.0,2.5,26.0,2.1666666666666665,25.0,1.001975555415089,0.8120300751879699,-0.014965033826769383,0.3855954935622317,0.17410464677052592,0.1766320115228922,152.7202407129295,132.443669527897,,,68.16666666666667,100.0,0.75,0.25,-38.0,64.0,-37.0,62.0,1.213872832369942,-0.40184275718197204,-0.2537727549570278,0.6393682485192596,0.3893676669089398,-0.2127356553860476,165.79819990525817,-33.354530377361186,,,65.0,35.0,6.0,,,LOSS,COMPRA
2026-07-20 14:46:54,28932.75,38,0.75,1.0,83.2,-21.0,83.2,-21.0,0.7910844101865292,1.1009615384615383,-0.011275626457493826,-0.5507343124165553,-0.5875183221801359,-0.9094904524391793,206.533622708526,198.6648865153538,,,83.0,98.0,0.5,0.5,103.0,-124.0,103.0,-124.0,0.6385964912280702,0.46236504723346816,0.3333555570371358,-0.8840898694536912,1.812564702394836,-2.722055154834015,160.0773384892326,38.5875480261212,,,94.0,4.0,5.0,,VENDA,LOSS,VENDA
2026-07-20 15:37:12,28958.25,39,0.5,0.5,77.0,77.0,78.0,78.0,0.8924137931034483,0.8924137931034483,0.2873563218390805,0.2873563218390805,10.172967745960449,10.172967745960449,4743.486590038315,4743.486590038315,,,94.0,94.0,0.75,-0.25,-245.0,322.0,-243.0,321.0,1.375579598145286,-0.4831658050418378,-4.106972301814708,4.394328623653789,7.055975994111763,3.116991751848686,4505.062082139446,238.4245078988688,,,78.0,16.0,1.0,,,LOSS,COMPRA
2026-07-20 15:52:43,28940.5,40,0.5,0.5,116.0,116.0,116.0,116.0,0.8617401668653158,0.8617401668653158,3.944614393817421,3.944614393817421,1.9789734075448355,1.9789734075448355,3892.9318950249553,3892.9318950249553,,,94.0,94.0,0.75,-0.25,-95.0,211.0,-96.0,212.0,1.2138084632516704,-0.3520682963863545,0.4435994930291508,3.5010149007882703,0.4435994930291508,1.5353739145156848,2755.640050697085,1137.2918443278704,,,59.0,35.0,1.0,,,LOSS,COMPRA
2026-07-20 17:14:06,28783.75,41,1.05,1.0,-26.8,38.0,8.0,39.0,2.8474231273527044,0.4507042253521127,0.13157533831886759,0.0896442914515203,0.31192033779527745,0.9230684376789076,41.614832279973584,23.666092943201377,,,70.6,100.0,0.75,0.25,62.0,-24.0,61.0,-22.0,0.9279811097992916,-0.4772768844471789,0.3113809746224505,-0.2217366831709302,-4.494741312794578,5.417809750473486,4007.62883387825,-3983.9627409350487,,,53.0,47.0,5.0,,,LOSS,COMPRA
2026-07-20 17:38:39,28780.0,42,0.625,0.75,702.0,20.0,196.0,19.0,0.2399181322013341,0.4411764705882353,0.10765186424397466,0.1456270283764666,0.2760809601432024,0.4375618744463865,17.324540072318584,13.397686610634937,,,88.0,100.0,0.75,0.0,24.0,-4.0,25.0,-6.0,0.5283018867924528,-0.08712541620421754,0.2193574514038876,-0.073730423027421,1.092625638347261,-0.6550637639008745,26.39038876889849,-12.992702158263553,,,100.0,0.0,2.0,COMPRA,,TIMEOUT,COMPRA
2026-07-20 20:20:56,28796.75,43,1.5833333333333333,1.75,-33.0,-30.0,-32.666666666666664,-29.0,2.509616509221772,3.230769230769231,-0.01736095217375785,-0.0756601346750397,0.017250344187725336,-0.2679528403001072,18.57670039133405,9.381856699704926,,,67.33333333333333,94.0,1.5,0.25,31.0,-61.0,32.0,-61.0,0.7880794701986755,2.4426897605705555,0.0500600720865038,-0.1257202067615435,-0.120911463980271,-0.1470413763198362,26.231477773327995,-16.84962107362307,,,59.0,35.0,6.0,,,TIMEOUT,VENDA
2026-07-20 20:52:31,28760.0,44,1.625,1.5,-41.166666666666664,-50.0,-41.833333333333336,-50.0,1.7958074534161492,1.6666666666666667,-0.47092817925567054,-0.3849501238535181,-0.9290005457434769,-0.7691815136513205,56.26982479194169,63.80129878824396,,,81.0,100.0,1.75,-0.25,0.0,-50.0,1.0,-51.0,0.972972972972973,0.6936936936936937,-0.0585983279943745,-0.32635179585914365,0.3365703021254119,-1.1057518157767323,47.65997343542465,16.141325352819315,,,25.0,75.0,6.0,,,LOSS,VENDA
2026-07-20 21:13:41,28758.75,45,1.75,1.75,84.0,84.0,61.0,61.0,0.4601769911504424,0.4601769911504424,0.8378932968536252,0.8378932968536252,0.7760669936345613,0.7760669936345613,133.17373461012312,133.17373461012312,,,100.0,100.0,2.0,-0.25,46.0,38.0,38.0,23.0,0.3448275862068966,0.11534940494354584,0.9678379988088148,-0.1299447019551896,1.642686993806575,-0.8666200001720136,128.27575938058368,4.8979752295394405,,,97.0,3.0,1.0,,,LOSS,COMPRA
2026-07-20 21:15:36,28719.0,46,1.25,1.25,-30.0,-30.0,-28.0,-28.0,1.5490196078431373,1.5490196078431373,-0.914719954967633,-0.914719954967633,-3.3294601110844915,-3.3294601110844915,111.17365606529694,111.17365606529694,,,100.0,100.0,1.75,-0.5,84.0,-114.0,61.0,-89.0,0.4601769911504424,1.0888426166926948,0.8378932968536252,-1.7526132518212583,0.7760669936345613,-4.1055271047190525,133.17373461012312,-22.00007854482618,,,100.0,0.0,1.0,,,LOSS,VENDA
2026-07-20 21:34:05,28852.25,47,1.375,1.5,35.5,-39.0,24.0,-38.0,0.9991080021932426,1.7450980392156863,-0.0048338105611359095,-0.3858283567067033,-0.11793559166459616,-0.3657787263924307,100.99201420191861,78.44058243306716,,,87.25,100.0,1.5,0.0,44.0,-83.0,30.0,-68.0,0.7029702970297029,1.0421277421859834,0.2709109380291229,-0.6567392947358262,0.6248729405784252,-0.9906516669708559,94.5479173721639,-16.10733493909673,,,100.0,0.0,4.0,,,LOSS,VENDA
2026-07-20 21:46:01,28864.5,48,1.5833333333333333,1.5,11.0,-22.0,5.333333333333333,-21.0,1.099067599067599,1.9545454545454544,-0.21317053287816065,-0.480325853058715,-0.2487323055058881,-0.7300069612106181,105.21950304428943,96.91054411312632,,,68.33333333333333,94.0,1.5,0.0,-39.0,17.0,-38.0,17.0,1.7450980392156863,0.20944741532976807,-0.3858283567067033,-0.09449749635201171,-0.3657787263924307,-0.36422823481818745,78.44058243306716,18.469961680059157,,,100.0,-6.0,3.0,,,LOSS,VENDA
2026-07-20 22:02:14,28841.5,49,1.4583333333333333,1.5,-23.833333333333332,-25.0,-21.166666666666668,-25.0,1.7254284792647965,2.0869565217391304,-0.26410515232838866,-0.4681961072837937,-0.46669400205780115,-0.3206186953597847,97.51285502731893,84.67661026018327,,,77.0,100.0,1.75,-0.25,-67.0,42.0,-59.0,34.0,3.185185185185185,-1.0982286634460547,0.2004543632233061,-0.6686504705070998,0.3423098195940551,-0.6629285149538398,104.90445008686356,-20.227839826680295,,,67.0,33.0,6.0,,,LOSS,VENDA
2026-07-20 22:22:19,28886.75,50,1.9166666666666667,2.0,-11.333333333333334,-71.0,-9.833333333333334,-48.0,2.657846479567791,9.0,-0.13419043583968562,-0.6456791846991484,-0.11538894413080436,-0.6724447932844586,54.983937986086126,53.190004188189306,,,51.333333333333336,100.0,1.75,0.25,48.0,-119.0,31.0,-79.0,0.515625,8.484375,0.7151764101811781,-1.3608555948803265,-0.1153625824992937,-0.557082210785165,45.7712902515954,7.418713936593903,,,77.0,23.0,6.0,,,LOSS,VENDA
2026-07-20 22:57:01,28875.5,51,1.4583333333333333,1.0,3.6666666666666665,-47.0,5.0,-44.0,1.2984160971223375,2.833333333333333,-0.1869236171332984,-0.3002201614517312,-0.17390337715869367,-0.2595227000573326,51.86554277602803,33.49122689972646,,,66.66666666666667,100.0,1.75,-0.75,-16.0,-31.0,-11.0,-33.0,1.55,1.283333333333333,-0.2218059936908517,-0.0784141677608795,1.240758538658434,-1.5002812387157667,58.3596214511041,-24.868394551377634,,,59.0,41.0,6.0,,,LOSS,VENDA
2026-07-21 00:04:56,28964.75,52,1.15,1.0,-10.2,-29.0,-10.6,-30.0,1.683077905491699,3.5,-0.04810415221255842,-0.1464414722249341,-0.11372137916072038,-0.7607506263741883,27.35186543407613,31.43610270428585,,,70.0,100.0,1.5,-0.5,-8.0,-21.0,-9.0,-21.0,1.6428571428571428,1.8571428571428572,0.0185102917221975,-0.1649517639471316,0.2738194661934092,-1.0345700925675976,23.767214571301643,7.668888132984208,,,38.0,62.0,5.0,,,LOSS,VENDA
2026-07-21 01:00:17,29080.0,53,1.125,1.0,50.5,54.0,51.5,55.0,0.43300970873786404,0.4660194174757281,0.32404040085816505,0.5812760719414621,1.4281890589768813,2.862974808063616,43.89133334241241,46.29692949463175,,,94.5,100.0,1.0,0.0,-32.0,86.0,-30.0,85.0,1.6666666666666667,-1.2006472491909386,-0.2676277476448758,0.8489038195863379,-0.277430559852807,3.140405367916423,40.39394804453325,5.902981450098494,,,100.0,0.0,2.0,,,TIMEOUT,COMPRA
2026-07-21 01:37:46,29068.5,54,1.2,1.0,0.4,29.0,-0.2,28.0,1.9372162297754922,0.582089552238806,0.05612277024916703,0.0948334724224262,-0.2804694666453337,0.1876932263216089,24.813030873642226,28.82937561641757,,,68.0,94.0,1.25,-0.25,-18.0,47.0,-17.0,45.0,1.894736842105263,-1.3126472898664572,-0.2890591125885243,0.38389258501095047,-0.4080484240955476,0.5957416504171564,18.21072409307704,10.618651523340528,,,91.0,3.0,5.0,,,TIMEOUT,COMPRA
2026-07-21 03:29:41,29112.75,55,1.35,1.25,4.2,-22.0,4.4,-21.0,0.8445995670995672,1.9545454545454544,-0.12925612519604096,-0.8950874271440467,-0.6659030884704034,-1.6182689405185338,37.845749717445486,43.63030807660283,,,65.4,94.0,1.25,0.0,-1.0,-21.0,-2.0,-19.0,1.2857142857142858,0.6688311688311686,0.0,-0.8950874271440467,0.0,-1.6182689405185338,25.6969319420651,17.93337613453773,,,41.0,53.0,5.0,,,LOSS,VENDA
2026-07-21 03:41:40,29151.5,56,1.25,1.0,12.2,56.0,11.6,55.0,0.9983968563082485,0.3037974683544304,0.2403072670063378,0.8373526259378349,1.4456905484879736,0.7733621159029348,26.85639195570507,43.944265809217576,,,72.8,100.0,1.25,-0.25,6.0,50.0,5.0,50.0,0.7368421052631579,-0.43304463690872746,0.100080064051241,0.7372725618865938,1.6581291971916974,-0.8847670812887626,16.413130504403522,27.531135304814054,,,67.0,33.0,5.0,,,TIMEOUT,COMPRA
2026-07-21 04:19:55,29125.75,57,1.25,1.25,9.6,20.0,9.6,19.0,0.6925650042625747,0.4411764705882353,0.09528656099164812,0.2581917190874096,1.443694509243389,6.724195054365833,49.59670872249342,51.92000751103183,,,57.8,98.0,1.25,0.0,2.0,18.0,1.0,18.0,0.9565217391304348,-0.5153452685421995,-0.1409244644870349,0.39911618357444456,1.039474200179106,5.684720854186727,43.32420679658561,8.59580071444622,,,44.0,54.0,5.0,,,LOSS,COMPRA
2026-07-21 05:11:27,29130.25,58,1.6,1.75,-13.8,-25.0,-14.0,-26.0,1.8682539682539683,3.0,-0.13679281975084265,-0.1631262234466758,-0.3358441920742842,-1.2715821944082704,51.29066403423316,40.745305589791926,,,70.8,100.0,1.5,0.25,-15.0,-10.0,-14.0,-12.0,1.8235294117647056,1.1764705882352944,-0.2278463264161525,0.0647201029694767,-0.5141756302906997,-0.7574065641175707,53.631519910263606,-12.88621432047168,,,66.0,34.0,5.0,,,LOSS,VENDA
2026-07-21 05:25:27,29167.5,59,0.75,0.75,33.5,31.0,33.5,30.0,0.6894881248392352,0.7247706422018348,0.33192582663092046,0.5138516532618409,0.22116172525628944,0.8943470083500902,49.95862377122431,55.31724754244862,,,87.5,100.0,1.75,-1.0,-25.0,56.0,-26.0,56.0,3.0,-2.2752293577981653,-0.1631262234466758,0.6769778767085167,-1.2715821944082704,2.1659292027583605,40.745305589791926,14.571941952656694,,,100.0,0.0,2.0,,,TIMEOUT,COMPRA
2026-07-21 05:58:54,29168.5,60,1.25,1.25,2.6,-25.0,2.8,-26.0,1.394321577115695,3.363636363636364,0.04348508447573847,-0.3215729511209114,-0.025201198222445265,-0.5112864712820058,19.66597587121101,15.343623667769204,,,71.6,94.0,1.25,0.0,-17.0,-8.0,-18.0,-8.0,2.0,1.3636363636363642,0.3800258417572394,-0.7015987928781509,0.1193378763716604,-0.6306243476536662,29.94603633047048,-14.602412662701276,,,72.0,22.0,5.0,,,TIMEOUT,VENDA
2026-07-21 06:30:45,29159.0,61,1.1,0.75,-17.4,-40.0,-16.8,-39.0,2.0291068580542264,3.6,-0.1367490597608095,-0.6948507899356349,-0.14646328086806298,-0.8271854573781937,36.480713817669255,41.03276770040959,,,73.8,100.0,1.25,-0.5,10.0,-50.0,9.0,-48.0,0.55,3.05,0.1527583798882681,-0.847609169823903,1.7275838860069603,-2.554769343385154,12.569832402234637,28.462935298174955,,,43.0,57.0,5.0,,,TIMEOUT,VENDA
2026-07-21 07:36:49,29194.5,62,1.55,1.25,16.8,82.0,17.0,83.0,0.7829048729048729,0.4071428571428571,0.08768344033042699,1.0348395998620217,0.3829330735360659,1.4561439541511891,30.994848761470273,86.9265263884098,,,55.2,100.0,1.25,0.0,23.0,59.0,23.0,60.0,0.3428571428571428,0.06428571428571428,-0.0400192092204258,1.0748588090824476,-0.4221520098297349,1.878295963980924,32.81575156074916,54.110774827660634,,,56.0,44.0,5.0,,,LOSS,COMPRA
2026-07-21 07:55:41,29169.25,63,1.45,1.5,21.6,46.0,22.4,46.0,0.5454245768011787,0.4102564102564102,0.05552919672192245,0.1107419712070874,0.42633359451612324,1.4786276158907634,27.863573565878237,12.919896640826874,,,58.6,90.0,1.75,-0.25,1.0,45.0,0.0,46.0,1.0,-0.5897435897435899,-0.0754489210804285,0.1861908922875159,0.2089937778055013,1.269633838085262,27.991549720839,-15.071653080012126,,,38.0,52.0,5.0,,,LOSS,COMPRA
2026-07-21 09:08:20,29180.25,64,1.125,1.0,24.0,28.0,26.0,29.0,0.6474025974025974,0.6233766233766234,0.1180042392480069,0.1684409109284463,0.5235983001064217,0.9323388385721896,40.34049192029922,45.748551408166016,,,89.0,100.0,1.25,-0.25,44.0,-16.0,43.0,-14.0,0.4556962025316455,0.16768042084497786,0.1601423487544483,0.008298562173997992,0.45,0.48233883857218957,38.00711743772242,7.741433970443595,,,94.0,6.0,2.0,COMPRA,,LOSS,COMPRA
2026-07-21 10:03:08,29165.5,65,1.0,1.0,-8.0,-30.0,-8.2,-31.0,1.3330848861283644,2.2916666666666665,-0.1678033712603105,-0.1971764334726713,0.17520256851130073,-0.1697415753640807,46.826140276838636,34.703052291190154,,,68.0,100.0,0.75,0.25,-15.0,-15.0,-14.0,-17.0,1.368421052631579,0.9232456140350875,0.0168112433595588,-0.2139876768322301,-0.3618907445290525,0.19214916916497182,68.72436285387667,-34.021310562686516,,,59.0,41.0,5.0,,,LOSS,VENDA
2026-07-21 10:33:19,29178.5,66,0.95,1.0,88.4,228.0,87.8,229.0,0.877612433949786,0.7165841584158416,0.22828491128594094,0.650477016478751,1.0773712542262113,1.6752599618842472,427.2069373716715,418.03989592367736,,,75.6,100.0,1.25,-0.25,-44.0,272.0,-45.0,274.0,1.0582901554404145,-0.34170599702457294,-0.0334358700013374,0.6839128864800884,-2.763757012641589,4.4390169745258365,421.22509027684896,-3.185194353171596,,,96.0,4.0,5.0,,,LOSS,COMPRA
2026-07-21 10:38:55,29203.5,67,1.15,1.0,10.0,116.0,9.8,115.0,0.9992638228528945,0.8040885860306644,0.4815540853088809,0.7525586995785671,1.0406064742158296,3.461788928512068,367.57863324963745,397.2840992708543,,,79.2,100.0,1.0,0.0,-84.0,200.0,-83.0,198.0,1.1711340206185568,-0.3670454345878924,-0.6000400026668444,1.3525987022454116,-1.0569801983750786,4.518769126887147,385.4256950463364,11.858404224517926,,,73.0,27.0,5.0,,,LOSS,COMPRA
2026-07-21 10:55:20,29150.75,68,0.8333333333333334,0.75,-30.0,64.0,-29.666666666666668,65.0,1.0969187093200388,0.8042168674698795,0.4466815377564816,0.3047335274598767,0.3095576985554301,3.6667139533180086,465.98249921361935,518.5210266133947,,,82.33333333333333,98.0,1.0,-0.25,-27.0,91.0,-28.0,93.0,1.0811594202898551,-0.2769425528199756,-0.684839981292176,0.9895735087520527,-4.028716636907573,7.695430590225582,469.43275205452,49.08827455887473,,,100.0,-2.0,3.0,VENDA,,LOSS,COMPRA
2026-07-21 10:57:15,29103.0,69,0.5,0.75,-100.0,-82.0,-99.0,-81.0,1.2581000595592615,1.1956521739130437,0.04133126072519,-0.2340041452162866,0.10525280464320241,-1.6414404724809752,370.76539858706064,394.4641305074547,,,77.0,100.0,0.75,0.0,64.0,-146.0,65.0,-146.0,0.8042168674698795,0.39143530644316415,0.3047335274598767,-0.5387376726761632,3.6667139533180086,-5.308154425798984,518.5210266133947,-124.05689610594004,,,98.0,2.0,2.0,,VENDA,LOSS,VENDA
2026-07-21 11:10:47,29072.25,70,0.85,0.75,-70.2,-146.0,-69.6,-145.0,1.1958987097677163,1.43026706231454,-0.1141870705140188,-1.2202460550949452,0.17527775246034208,-0.6784621352766429,378.5792214783504,392.2840331639476,,,71.8,100.0,0.5,0.25,-189.0,43.0,-190.0,45.0,1.6761565836298933,-0.24588952131535335,-1.2556924725421912,0.03544641744724597,-0.8404336515316673,0.16197151625502437,329.35976426466647,62.92426889928112,,,100.0,0.0,5.0,VENDA,,LOSS,VENDA
2026-07-21 11:16:28,29071.0,71,0.85,0.75,-127.0,-92.0,-127.2,-91.0,1.2928987614674374,1.2388451443569557,-0.5332306224441208,-1.0581832840634238,0.34745474559160106,-0.0103023374054482,407.0363780913146,398.4815909701693,,,80.6,100.0,0.5,0.25,-46.0,-46.0,-46.0,-45.0,1.136904761904762,0.10194038245219361,-1.1613815390830136,0.10319825501958979,1.7519804996953077,-1.762282837100756,419.1745775264257,-20.692986556256415,,,71.0,29.0,5.0,,,LOSS,VENDA
2026-07-21 11:45:32,29251.75,72,0.7,0.75,128.2,488.0,128.2,489.0,0.8792147182767112,0.5578661844484629,0.4860167891236925,1.15,-0.002712741279337738,1.2740927267801787,224.76789115691196,296.53333333333336,,,85.2,100.0,0.5,0.25,-29.0,517.0,-28.0,517.0,1.1037037037037036,-0.5458375192552407,0.1500100006667111,0.9999899993332888,0.3014043859114282,0.9726883408687506,200.41336089072604,96.11997244260732,,,74.0,26.0,5.0,,,LOSS,COMPRA
2026-07-21 11:58:12,29233.5,73,0.625,0.75,44.0,42.0,45.0,43.0,0.7489596273291925,0.7329192546583851,0.3841084977219983,0.6348569901095964,1.0586673508237814,2.0173347336859986,168.47384446148786,157.71184175354182,,,92.0,100.0,0.75,0.0,-23.0,65.0,-22.0,65.0,1.1538461538461535,-0.4209268991877684,-0.3595890410958904,0.9944460312054868,-0.0496586654921823,2.066993399178181,152.05479452054794,5.657047232993875,,,94.0,6.0,2.0,,,LOSS,COMPRA
2026-07-21 12:35:19,29302.75,74,0.9,0.75,45.0,74.0,45.0,73.0,0.8178743066030225,0.7265917602996255,0.32853042760422735,0.3674505611972207,-0.24988528954136768,0.1242767474773189,106.67514172281032,132.14858364510957,,,77.4,100.0,0.75,0.0,25.0,49.0,26.0,47.0,0.8823529411764706,-0.1557611808768451,0.1688960951222807,0.19855446607493998,-0.6210692423340017,0.7453459898113206,107.14768274557493,25.000900899534642,,,66.0,34.0,5.0,,,LOSS,COMPRA
2026-07-21 13:13:39,29298.75,75,0.6,0.75,-33.0,-33.0,-33.2,-34.0,1.2754970647146284,1.2481751824817515,-0.09709093648057518,-0.2333333333333333,-0.14955597002942073,-0.3959050106762655,105.73524403322635,85.46666666666667,,,67.0,94.0,0.75,0.0,-61.0,28.0,-60.0,26.0,1.4511278195488722,-0.20295263706712063,-0.346716593856182,0.11338326052284867,0.3353279258371553,-0.7312329365134208,139.1026974551002,-53.636030788433544,,,71.0,23.0,5.0,COMPRA,COMPRA,LOSS,VENDA
2026-07-21 13:23:42,29336.75,76,0.5,0.5,81.0,77.0,81.0,78.0,0.7461151022957988,0.7685459940652819,0.3360752854176707,0.3334889615153738,0.01563796879205842,0.3003253478681364,118.39593146719622,126.65910758353898,,,92.5,100.0,0.75,-0.25,-33.0,110.0,-34.0,112.0,1.2481751824817515,-0.4796291884164696,-0.2333333333333333,0.5668222948487072,-0.3959050106762655,0.6962303585444019,85.46666666666667,41.192440916872314,,,94.0,6.0,2.0,,COMPRA,LOSS,COMPRA
2026-07-21 13:29:48,29311.0,77,0.6666666666666666,0.5,-27.666666666666668,-71.0,-27.0,-70.0,1.3462340245674065,2.076923076923077,-0.15103736334849274,-0.1178054527095254,-0.2651288110875117,-0.4907349107871264,96.73497220672287,94.98485358465165,,,85.5,100.0,0.75,-0.25,0.0,-71.0,1.0,-71.0,0.9943181818181818,1.0826048951048954,-0.1833577810374716,0.0655523283279462,0.3061849357011635,-0.7969198464882898,99.1465528737165,-4.161699289064856,,,39.0,61.0,6.0,,,LOSS,VENDA
2026-07-21 13:54:55,29346.5,78,0.5833333333333334,0.5,-1.0,22.0,-1.0,21.0,1.003460815602358,0.8090909090909091,0.06746525312991186,0.2173767640960471,0.007797453564957628,0.6216328222130129,71.3737128075583,72.23597083807103,,,57.666666666666664,100.0,0.5,0.0,1.0,21.0,2.0,19.0,0.9791666666666666,-0.17007575757575755,0.2420302883618007,-0.024653524265753624,0.4847238623081236,0.13690895990488927,59.60860244796349,12.627368390107534,,,94.0,6.0,6.0,,,TIMEOUT,COMPRA
2026-07-21 14:26:04,29328.25,79,0.7083333333333334,0.5,-6.5,-40.0,-6.5,-40.0,1.1456847946625626,1.6349206349206349,-0.041150824570696624,-0.3177068624682293,-0.017131386674393706,-0.0472365958383793,65.87632123364641,64.81219994351878,,,72.0,98.0,0.5,0.0,22.0,-62.0,21.0,-61.0,0.8090909090909091,0.8258297258297258,0.2173767640960471,-0.5350836265642764,0.6216328222130129,-0.6688694180513921,72.23597083807103,-7.4237708945522485,,,100.0,-2.0,6.0,,,LOSS,VENDA
2026-07-21 15:32:23,29311.5,80,0.5833333333333334,0.5,-66.16666666666667,-103.0,-66.5,-104.0,1.6329871243600225,1.6624203821656052,-0.08925514107920285,-0.1666777785185679,-0.07775644397590144,-0.6842144068421441,82.05525152385277,91.20608040536035,,,80.5,100.0,0.25,0.25,-71.0,-32.0,-72.0,-32.0,1.6153846153846154,0.04703576678098975,-0.2667733760170735,0.1000955974985056,-0.4248049733784448,-0.25940943346369927,115.7796451914099,-24.573564786049545,,,91.0,9.0,6.0,,,LOSS,VENDA
2026-07-21 15:46:57,29355.5,81,0.5416666666666666,0.75,-6.666666666666667,22.0,-7.333333333333333,21.0,1.056291371912429,0.8618421052631579,0.08129069759070293,0.3544088460447973,0.08530586840920373,0.3012162166946664,86.9192976625727,81.86844343634817,,,75.83333333333333,100.0,0.5,0.25,62.0,-40.0,61.0,-40.0,0.769811320754717,0.09203078450844082,-0.1679430337229611,0.5223518797677584,0.2664677041142613,0.03474851258040512,102.9154910654306,-21.047047629082428,,,55.0,45.0,6.0,,,LOSS,COMPRA
2026-07-21 16:05:41,29323.25,82,0.625,0.5,-8.666666666666666,29.0,-8.5,30.0,1.0984122294930587,0.8678414096916299,-0.06173181321078828,0.2033898305084746,-0.0639324417602239,0.5248955657022376,87.92581634484209,96.33898305084746,,,74.0,94.0,0.75,-0.25,56.0,-27.0,57.0,-27.0,0.7121212121212122,0.15572019757041777,0.234051090009362,-0.03066125950088741,0.2497055308887943,0.2751900348134433,96.8302795238732,-0.4912964730257414,,,100.0,-6.0,6.0,,,LOSS,COMPRA
2026-07-21 17:00:47,29295.0,83,0.5625,0.5,-186.25,-28.0,-186.25,-27.0,1.0638355647976425,1.0185567010309278,-0.34625412708316516,-0.7334311241498866,-1.1892071868673892,-1.2319794178214318,359.1239098546473,200.16002133617812,,,85.25,100.0,0.25,0.25,-242.0,214.0,-241.0,214.0,1.186100386100386,-0.16754368506945827,-0.2500333377783704,-0.48339778637151626,0.3501750875437719,-1.5821545053652037,283.904520602747,-83.74449926656891,,,72.0,28.0,4.0,VENDA,,TIMEOUT,VENDA
2026-07-21 17:41:45,29300.5,84,0.7083333333333334,0.75,7.333333333333333,24.0,7.666666666666667,23.0,1.1201252723311546,0.3235294117647059,0.04782246943541291,0.1213494053879136,0.03451355462482158,0.3481086098862845,16.770448977781612,25.159776717094086,,,52.5,94.0,0.75,0.0,2.0,22.0,1.0,22.0,0.975609756097561,-0.6520803443328551,-0.1224889759921607,0.2438383813800743,0.1707067258449982,0.17740188404128632,16.588507034366906,8.57126968272718,,,28.0,66.0,6.0,,,TIMEOUT,COMPRA
2026-07-21 19:45:17,29263.75,85,1.7916666666666667,1.5,-6.333333333333333,-33.0,-7.333333333333333,-34.0,1.8365079365079364,4.4,-0.1425079914581342,-0.3990007633058081,-0.4844341550148333,-6.509286513956501,8.251096464252809,18.18055651932552,,,48.666666666666664,100.0,2.0,-0.5,7.0,-40.0,8.0,-42.0,0.3333333333333333,4.066666666666667,0.1024940211820977,-0.5014947844879057,-0.5059797608095676,-6.0033067531469335,4.851383669285958,13.329172850039562,,,22.0,78.0,6.0,,,TIMEOUT,VENDA
2026-07-21 20:19:28,29296.5,86,1.4166666666666667,1.0,16.166666666666668,22.0,16.833333333333332,23.0,0.6543041811698528,0.6567164179104478,0.1798562539266115,0.3419037199124726,0.08867489851466949,0.1536107458621835,24.192376500868292,25.574398249452955,,,82.33333333333333,100.0,1.5,-0.5,-6.0,28.0,-6.0,29.0,1.1935483870967742,-0.5368319691863265,0.3518766756032171,-0.009972955690744523,-0.2080232824661594,0.3616340283283429,23.79356568364611,1.7808325658068433,,,61.0,39.0,6.0,,,TIMEOUT,COMPRA
2026-07-21 21:07:47,29333.0,87,1.4166666666666667,1.25,45.833333333333336,46.0,21.0,34.0,0.9495150396203028,0.6263736263736264,0.0635773262649762,0.2833333333333333,0.058368228474924434,0.8467596241225605,91.93388034391053,79.6,,,78.0,100.0,1.75,-0.5,15.0,31.0,12.0,22.0,0.7142857142857143,-0.08791208791208793,0.4322455154527772,-0.14891218211944385,-1.073616850392625,1.9203764745151854,70.0237735033499,9.576226496650094,,,72.0,28.0,6.0,,,LOSS,COMPRA
2026-07-21 21:30:11,29300.25,88,1.625,1.5,0.0,20.0,-1.1666666666666667,10.0,1.132444686132166,0.75,-0.006696191396938375,0.2463427575229288,-0.1916696841692169,0.2881635624154148,72.80728946535187,54.87758659895399,,,50.333333333333336,100.0,1.75,-0.25,24.0,-4.0,13.0,-3.0,0.6666666666666666,0.08333333333333337,0.0702345835089198,0.17610817401400902,1.3076622266266384,-1.0194986642112236,58.99705014749263,-4.11946354853864,,,88.0,12.0,6.0,,,LOSS,COMPRA
2026-07-21 21:57:02,29282.0,89,1.4166666666666667,1.25,19.166666666666668,33.0,17.333333333333332,27.0,0.621521481565959,0.3076923076923077,0.21846360213517832,0.1333511134817975,0.20946400621147854,1.2409685021903325,68.15323598335043,60.941458861181495,,,62.0,100.0,1.5,-0.25,9.0,24.0,15.0,12.0,0.7368421052631579,-0.42914979757085014,0.2971989003640686,-0.16384778688227108,0.2154864091559371,1.0254820930343955,57.06218886990119,3.879269991280303,,,81.0,19.0,6.0,,,LOSS,COMPRA
2026-07-21 22:02:07,29245.0,90,1.65,1.5,-71.8,-21.0,-49.8,-10.0,1.4521237865299286,1.1886792452830188,-0.20487675795060278,-0.2638058389025677,-0.07546038779523342,-3.089815893254868,109.41974822566628,77.94583186774534,,,76.2,100.0,1.25,0.25,33.0,-54.0,27.0,-37.0,0.3076923076923077,0.8809869375907111,0.1333511134817975,-0.3971569523843652,1.2409685021903325,-4.3307843954452006,60.941458861181495,17.004373006563846,,,100.0,0.0,5.0,,,TIMEOUT,VENDA
2026-07-21 23:07:08,29247.75,91,1.3333333333333333,1.0,-10.666666666666666,-22.0,-10.0,-22.0,1.4698717948717948,2.6923076923076925,-0.027133894634791433,-0.6086427267194158,-0.5309241573610418,-0.8923329810966303,45.09175216699246,37.90974697852361,,,70.5,100.0,1.5,-0.5,-41.0,19.0,-37.0,15.0,2.2758620689655173,0.41644562334217516,-1.092157270646973,0.4835145439275573,0.891126965164174,-1.7834599462608043,66.292212745302,-28.382465766778388,,,100.0,0.0,6.0,,,LOSS,VENDA
2026-07-21 23:46:50,29255.25,92,1.2083333333333333,1.0,-1.0,25.0,1.3333333333333333,30.0,1.1818489848046498,0.3877551020408163,-0.02397355524061348,0.3043090156617706,-23.45311290004633,0.588099114304064,54.66480697451442,55.58711352755011,,,62.5,94.0,1.5,-0.5,-14.0,39.0,-13.0,43.0,2.1818181818181817,-1.7940630797773653,-0.0347391092892378,0.3390481249510084,-0.6581953120461297,1.2462944263501936,51.6223164038074,3.9647971237427058,,,93.0,1.0,6.0,,,LOSS,COMPRA
2026-07-22 00:10:05,29215.5,93,0.75,0.75,-119.0,-119.0,-116.0,-116.0,5.461538461538462,5.461538461538462,-0.4901629369211006,-0.4901629369211006,-0.8625604063384238,-0.8625604063384238,38.73977418700561,38.73977418700561,,,100.0,100.0,1.0,-0.25,25.0,-144.0,30.0,-146.0,0.3877551020408163,5.073783359497646,0.3043090156617706,-0.7944719525828712,0.588099114304064,-1.4506595206424877,55.58711352755011,-16.8473393405445,,,94.0,6.0,1.0,,,LOSS,VENDA
2026-07-22 00:30:18,29262.25,94,1.0416666666666667,1.0,13.666666666666666,39.0,13.0,40.0,1.0736548375300428,0.2592592592592592,0.06620374822870888,0.1243074300326751,0.18091988947351864,0.2943991847388589,36.373631447807114,54.69526921437704,,,75.66666666666667,100.0,1.25,-0.25,-2.0,41.0,-1.0,41.0,1.0666666666666669,-0.8074074074074077,-0.1923614997202014,0.31666892975287647,0.0971774436726089,0.19722174106625,23.992725237828765,30.702543976548277,,,46.0,54.0,6.0,,,LOSS,COMPRA
2026-07-22 00:45:20,29232.0,95,1.4583333333333333,1.25,-11.666666666666666,24.0,-10.5,23.0,2.9603210547504024,0.28125,0.11949876213939543,0.9154264115284668,0.1669753247447284,1.475796930342385,44.71754423428331,66.73753838884952,,,68.83333333333333,94.0,1.5,-0.25,-6.0,30.0,-5.0,28.0,1.3571428571428572,-1.0758928571428572,-0.3158911847777612,1.231317596306228,0.741293570313303,0.734503360029082,38.42723353649472,28.310304852354797,,,55.0,39.0,6.0,,,LOSS,COMPRA
2026-07-22 00:54:29,29196.0,96,1.25,1.25,-49.4,-44.0,-49.6,-45.0,1.8342996366160915,1.9574468085106385,-0.14384384677847312,-0.4470352621414777,-0.7406005292086852,-1.9742935335569016,57.00806863098236,69.45139832629998,,,70.0,94.0,1.25,0.0,24.0,-68.0,23.0,-68.0,0.28125,1.6761968085106385,0.9154264115284668,-1.3624616736699444,1.475796930342385,-3.4500904638992864,66.73753838884952,2.713859937450465,,,94.0,0.0,5.0,,,LOSS,VENDA
2026-07-22 01:23:49,29236.0,97,1.0833333333333333,1.0,14.833333333333334,23.0,14.833333333333334,22.0,0.42529151404151394,0.3714285714285714,0.08807025902270664,0.2092750711535242,0.1947843399732165,0.157861502841507,19.103213741173125,24.694458396115856,,,78.66666666666667,100.0,1.0,0.0,19.0,4.0,20.0,2.0,0.3548387096774194,0.016589861751152013,0.1673584147810952,0.041916656372429,-0.5175667600495646,0.6754282628910716,20.016066407818982,4.678391988296873,,,59.0,41.0,6.0,,,LOSS,COMPRA
2026-07-22 02:22:41,29178.0,98,1.35,1.25,3.0,22.0,3.0,21.0,0.9441054299786226,0.4324324324324324,0.016033340728009948,0.2516778523489932,0.16529666011606864,0.5344596855135497,51.36975663463595,76.3758389261745,,,67.0,94.0,1.5,-0.25,5.0,17.0,4.0,17.0,0.9069767441860463,-0.47454431175361395,0.0645772343723092,0.187100617976684,-0.0420917839538018,0.5765514694673515,59.411055622524536,16.96478330364996,,,49.0,45.0,5.0,,,LOSS,COMPRA
2026-07-22 02:45:07,29146.0,99,1.15,1.25,-9.8,-44.0,-10.4,-43.0,1.6523809523809525,4.071428571428571,-0.10749364961096901,-0.4065040650406504,1.0813442963890676,-1.227136283198483,62.49237587854249,44.47632711621234,,,71.2,100.0,1.25,0.0,-27.0,-17.0,-29.0,-14.0,2.1153846153846154,1.9560439560439558,0.1927389963554807,-0.599243061396131,-0.1466804364795814,-1.0804558467189014,53.476310625175216,-8.999983508962877,,,78.0,22.0,5.0,,,LOSS,VENDA
2026-07-22 03:00:09,29172.75,100,1.2,1.0,16.0,22.0,16.4,23.0,0.5344672024889812,0.3428571428571428,0.10399216065727517,0.2692403280589843,0.047445689924403,0.0990303119649591,41.39851594445524,40.84168668710132,,,70.2,100.0,1.0,0.0,27.0,-5.0,28.0,-5.0,0.3170731707317073,0.025783972125435484,0.0927506121540402,0.1764897159049441,-0.2067975547902792,0.3058278667552383,50.75313497069081,-9.911448283589486,,,71.0,29.0,5.0,,,LOSS,COMPRA
2026-07-22 03:56:25,29092.5,101,1.2,1.25,9.8,24.0,9.4,23.0,0.8218097663513623,0.425,-0.023039728231584837,0.209587683865559,-0.5806605778653453,0.968952922077922,36.12655397568325,28.275283896044503,,,56.6,94.0,1.25,0.0,-15.0,39.0,-16.0,39.0,1.5714285714285714,-1.1464285714285714,-0.2053388090349076,0.41492649290046657,1.139846685463697,-0.170893763385775,47.84394250513347,-19.568658609088967,,,49.0,45.0,5.0,,COMPRA,LOSS,COMPRA
2026-07-22 04:19:06,29111.0,102,1.0,0.5,42.2,53.0,42.2,54.0,0.35575070690749594,0.28,0.2304564069141286,0.354735721887194,0.13644905576240685,0.706468995701672,35.73200468872297,28.59169918410784,,,86.4,100.0,1.5,-1.0,15.0,38.0,14.0,40.0,0.6585365853658537,-0.37853658536585366,0.234815278647464,0.11992044323973,7.661374700730556,-6.954905705028883,38.353162179085786,-9.761462994977947,,,84.0,16.0,5.0,,,LOSS,COMPRA
2026-07-22 04:38:33,29073.25,103,1.25,1.25,9.6,31.0,9.4,32.0,0.8289785681714547,0.5151515151515151,0.2597542996968554,0.3580440564686626,0.26407292506790175,0.0294251383713212,56.4960439136932,42.82888904044193,,,61.8,98.0,1.25,0.0,-25.0,56.0,-26.0,58.0,1.619047619047619,-1.103896103896104,-0.0890694028787231,0.4471134593473857,0.537296392794211,-0.5078712544228898,59.49836112298703,-16.6694720825451,,,71.0,27.0,5.0,,,LOSS,COMPRA
2026-07-22 04:48:54,29048.25,104,1.65,2.5,-2.8,-28.0,-3.4,-28.0,1.0379573934837094,1.4,-0.25420131315682976,-1.2983071423753962,-1.1940410655611235,-1.375610739346259,70.82109710651277,107.77635394887704,,,57.4,98.0,1.5,1.0,-21.0,-7.0,-20.0,-8.0,2.0526315789473686,-0.6526315789473687,-0.1815541031227305,-1.1167530392526657,0.9355637288089338,-2.311174468155193,57.153231663035584,50.62312228584146,,,67.0,31.0,5.0,,,LOSS,VENDA
2026-07-22 05:30:48,29110.5,105,1.7,1.25,15.8,27.0,16.0,28.0,0.776846434529074,0.5087719298245614,0.22329403185981606,0.5006675567423231,-0.08090976556481819,0.5149689403947599,69.07974880754685,55.140186915887845,,,56.8,100.0,2.0,-0.75,17.0,10.0,18.0,10.0,0.8317757009345794,-0.323003771110018,0.0859579150048136,0.4147096417375095,-0.0538008185166602,0.5687697589114201,61.75216613945812,-6.611979223570273,,,44.0,56.0,5.0,,,LOSS,COMPRA
2026-07-22 06:29:13,29136.5,106,1.2,1.25,-8.8,20.0,-9.4,19.0,1.3191902797704447,0.703125,0.11545598956694136,0.474972597734746,0.04249224871684776,0.2532243932496748,38.1546363759624,36.17099013518451,,,68.4,100.0,1.0,0.25,-10.0,30.0,-8.0,27.0,2.0,-1.296875,0.0,0.474972597734746,-0.2775999760917469,0.5308243693414216,39.46780962585945,-3.2968194906749417,,,44.0,56.0,5.0,,,LOSS,COMPRA
2026-07-22 07:02:26,29145.0,107,1.3,1.25,29.4,65.0,30.0,66.0,0.5350173095735797,0.2903225806451613,0.07396007203666474,0.1563694488845646,-0.22377671173621824,0.2875067899434935,34.26100044844971,35.7912294113559,,,75.0,100.0,1.25,0.0,16.0,49.0,17.0,49.0,0.46875,-0.1784274193548387,-0.0347656793213739,0.1911351282059385,-0.6320861850566211,0.9195929750001146,43.59616186900292,-7.80493245764702,,,46.0,54.0,5.0,,,LOSS,COMPRA
2026-07-22 07:30:57,29165.75,108,1.3,1.25,3.4,45.0,3.2,44.0,1.2870149733307628,0.3015873015873015,0.04012404574673841,0.5572396576319544,0.24126497854013257,1.9394028547912765,47.21110695273872,38.24893009985735,,,66.4,100.0,1.5,-0.25,6.0,39.0,5.0,39.0,0.8214285714285714,-0.5198412698412699,0.0229526257803892,0.5342870318515652,-0.2485947846258507,2.187997639417127,53.61733382298935,-15.368403723132005,,,36.0,64.0,5.0,,,LOSS,COMPRA
2026-07-22 08:10:38,29138.0,109,1.75,1.75,24.0,24.0,25.0,25.0,0.375,0.375,0.4146235938852033,0.4146235938852033,3.074837390483272,3.074837390483272,49.0337467551197,49.0337467551197,,,94.0,94.0,1.5,0.25,-31.0,55.0,-26.0,51.0,1.9285714285714288,-1.5535714285714288,-0.5368406925244934,0.9514642864096967,-2.203100615664283,5.277938006147555,51.33539122265468,-2.3016444675349774,,,100.0,-6.0,1.0,,,LOSS,COMPRA
2026-07-22 09:24:07,29002.25,110,1.1,1.25,-6.2,-71.0,-5.6,-71.0,1.214039937506103,2.775,-0.114798524062945,-0.6335867680405496,-0.6334411135468625,-0.0580218663212416,51.31912780683528,74.16299853274643,,,71.6,98.0,1.0,0.25,-52.0,-19.0,-53.0,-18.0,2.7666666666666666,0.008333333333333304,-0.0167280026764804,-0.6168587653640691,0.1441384494259025,-0.2021603157471441,28.772164603546337,45.39083392920009,,,54.0,44.0,5.0,,,LOSS,VENDA
2026-07-22 09:31:56,29058.75,111,1.5,1.25,8.0,21.0,8.2,22.0,0.9467845495154785,0.819672131147541,0.17745732892091773,0.3358409457281032,0.18728681567839647,0.203592137064833,95.85519547008886,70.72810317033853,,,70.8,100.0,1.5,-0.25,10.0,11.0,9.0,13.0,0.9473684210526316,-0.12769628990509063,-0.1166666666666666,0.4525076123947698,-2.0054994445005554,2.209091581565388,113.0,-42.27189682966147,,,36.0,64.0,5.0,,,LOSS,COMPRA
2026-07-22 09:56:21,29042.0,112,0.9,1.0,-9.8,23.0,-10.4,24.0,1.5251048787041481,0.4418604651162791,-0.05855580981845956,0.2819548872180451,0.15520094827530795,0.9019938823885516,56.42787783899962,59.92481203007519,,,72.8,94.0,1.0,0.0,-4.0,27.0,-5.0,29.0,1.1724137931034482,-0.7305533279871691,-0.2957413249211356,0.5776962121391807,-0.8329815303430079,1.7349754127315595,49.8422712933754,10.08254073669979,,,73.0,21.0,5.0,,COMPRA,LOSS,COMPRA
